{
  "matchup_info": {
    "ai_a_shortname": "mctsnc_5_inf_4_256_acp_prodigal",
    "ai_a_instance": "MCTSNC(search_time_limit=5.0, search_steps_limit=inf, n_trees=4, n_playouts=256, variant='acp_prodigal', device_memory=2.0, ucb_c=2.0, seed: 0)",
    "ai_b_shortname": "mcts_1_inf_vanilla",
    "ai_b_instance": "MCTS(search_time_limit=1.0, search_steps_limit=inf, vanilla=True, ucb_c=2.0, seed: 0)",
    "game_name": "UTTT_9x9",
    "n_games": 1
  },
  "cpu_and_system_props": {
    "cpu_name": "12th Gen Intel(R) Core(TM) i5-12500H",
    "ram_size": "31.7 GB",
    "os_name": "Windows 11",
    "os_version": "10.0.26200",
    "os_machine": "AMD64"
  },
  "gpu_props": {
    "name": "NVIDIA GeForce RTX 3050 Ti Laptop GPU",
    "max_threads_per_block": 1024,
    "max_block_dim_x": 1024,
    "max_block_dim_y": 1024,
    "max_block_dim_z": 64,
    "max_grid_dim_x": 2147483647,
    "max_grid_dim_y": 65535,
    "max_grid_dim_z": 65535,
    "max_shared_memory_per_block": 49152,
    "async_engine_count": 1,
    "can_map_host_memory": 1,
    "multiprocessor_count": 20,
    "warp_size": 32,
    "unified_addressing": 1,
    "pci_bus_id": 1,
    "pci_device_id": 0,
    "compute_capability": [
      8,
      6
    ],
    "cores_per_SM": 128,
    "cores_total": 2560
  },
  "games_infos": {
    "1": {
      "black": "MCTSNC(search_time_limit=5.0, search_steps_limit=inf, n_trees=4, n_playouts=256, variant='acp_prodigal', device_memory=2.0, ucb_c=2.0, seed: 0)",
      "white": "MCTS(search_time_limit=1.0, search_steps_limit=inf, vanilla=True, ucb_c=2.0, seed: 0)",
      "initial_state": "   A  B  C  D  E  F  G  H  I \n 9 *  *  *  *  *  *  *  *  * 9 \n 8 *  *  *  *  *  *  *  *  * 8 \n 7 *  *  *  *  *  *  *  *  * 7 \n 6 *  *  *  *  *  *  *  *  * 6 \n 5 *  *  *  *  *  *  *  *  * 5 \n 4 *  *  *  *  *  *  *  *  * 4 \n 3 *  *  *  *  *  *  *  *  * 3 \n 2 *  *  *  *  *  *  *  *  * 2 \n 1 *  *  *  *  *  *  *  *  * 1 \n   A  B  C  D  E  F  G  H  I ",
      "moves_rounds": {
        "1": {
          "black_best_action_info": {
            "index": 40,
            "name": "E5",
            "n_root": 26595072,
            "win_flag": false,
            "n": 14721536,
            "n_wins": 5087308,
            "q": 0.34556910365874866,
            "ucb": 0.34772438362167707
          },
          "black_performance_info": {
            "steps": 329,
            "steps_per_second": 65.61349534649374,
            "playouts": 26595072,
            "playouts_per_second": 5303938.09395643,
            "times_[ms]": {
              "total": 5014.212369918823,
              "loop": 5011.034965515137,
              "reduce_over_trees": 1.0275840759277344,
              "reduce_over_actions": 0.9443759918212891,
              "mean_loop": 15.231109317675187,
              "mean_select": 0.15912882100485015,
              "mean_expand": 0.3833669297238614,
              "mean_playout": 14.109068728507832,
              "mean_backup": 0.5701037525768338
            },
            "trees": {
              "count": 4,
              "mean_depth": 3.051226766514905,
              "max_depth": 4,
              "mean_size": 25972.75,
              "max_size": 25983
            }
          },
          "white_best_action_info": {
            "index": 32,
            "name": "F4",
            "n_root": 312,
            "win_flag": false,
            "n": 50,
            "n_wins": 16,
            "q": 0.32,
            "ucb": 0.9978202232338296
          },
          "white_performance_info": {
            "steps": 312,
            "steps_per_second": 311.39314661492574,
            "playouts": 312,
            "playouts_per_second": 311.39314661492574,
            "times_[ms]": {
              "total": 1001.9488334655762,
              "loop": 1001.7578601837158,
              "reduce_over_actions": 0.04839897155761719,
              "mean_loop": 3.2107623723837047,
              "mean_select": 0.08417474917876415,
              "mean_expand": 0.3407070269951454,
              "mean_playout": 2.779555626404591,
              "mean_backup": 0.0031720369290082883
            },
            "tree": {
              "initial_n_root": 0,
              "initial_mean_depth": 0.0,
              "initial_max_depth": 0,
              "initial_size": 1,
              "n_root": 312,
              "mean_depth": 3.7061646363971947,
              "max_depth": 4,
              "size": 2709
            }
          }
        },
        "2": {
          "black_best_action_info": {
            "index": 16,
            "name": "H2",
            "n_root": 4057856,
            "win_flag": false,
            "n": 2872832,
            "n_wins": 1064545,
            "q": 0.3705559531500624,
            "ucb": 0.3751588102263805
          },
          "black_performance_info": {
            "steps": 894,
            "steps_per_second": 178.633023873949,
            "playouts": 4057856,
            "playouts_per_second": 810813.2972315964,
            "times_[ms]": {
              "total": 5004.673719406128,
              "loop": 5001.9426345825195,
              "reduce_over_trees": 0.28061866760253906,
              "reduce_over_actions": 0.7443428039550781,
              "mean_loop": 5.595014132642639,
              "mean_select": 0.1632812572538986,
              "mean_expand": 0.3875550007660117,
              "mean_playout": 4.5045539570068085,
              "mean_backup": 0.5323404167055817
            },
            "trees": {
              "count": 4,
              "mean_depth": 4.771498930723867,
              "max_depth": 9,
              "mean_size": 3857.75,
              "max_size": 4348
            }
          },
          "white_best_action_info": {
            "index": 31,
            "name": "E4",
            "n_root": 316,
            "win_flag": false,
            "n": 50,
            "n_wins": 12,
            "q": 0.24,
            "ucb": 0.918571571086612
          },
          "white_performance_info": {
            "steps": 316,
            "steps_per_second": 315.7915956647873,
            "playouts": 316,
            "playouts_per_second": 315.7915956647873,
            "times_[ms]": {
              "total": 1000.6599426269531,
              "loop": 1000.52809715271,
              "reduce_over_actions": 0.04553794860839844,
              "mean_loop": 3.1662281555465506,
              "mean_select": 0.08877545972413654,
              "mean_expand": 0.34706879265700713,
              "mean_playout": 2.7227726163743418,
              "mean_backup": 0.0033106984971444818
            },
            "tree": {
              "initial_n_root": 0,
              "initial_mean_depth": 0.0,
              "initial_max_depth": 0,
              "initial_size": 1,
              "n_root": 316,
              "mean_depth": 3.7486812358703845,
              "max_depth": 5,
              "size": 2654
            }
          }
        },
        "3": {
          "black_best_action_info": {
            "index": 13,
            "name": "E2",
            "n_root": 4780032,
            "win_flag": false,
            "n": 2756352,
            "n_wins": 969755,
            "q": 0.35182552881489737,
            "ucb": 0.3565498588410604
          },
          "black_performance_info": {
            "steps": 891,
            "steps_per_second": 178.06652346854565,
            "playouts": 4780032,
            "playouts_per_second": 955290.3258231191,
            "times_[ms]": {
              "total": 5003.747940063477,
              "loop": 5002.300500869751,
              "reduce_over_trees": 0.14162063598632812,
              "reduce_over_actions": 0.27751922607421875,
              "mean_loop": 5.61425420973036,
              "mean_select": 0.1585638750549385,
              "mean_expand": 0.4026263651221689,
              "mean_playout": 4.5085095128360155,
              "mean_backup": 0.5375319458418824
            },
            "trees": {
              "count": 4,
              "mean_depth": 4.569072606553866,
              "max_depth": 7,
              "mean_size": 4669.0,
              "max_size": 4728
            }
          },
          "white_best_action_info": {
            "index": 30,
            "name": "D4",
            "n_root": 319,
            "win_flag": false,
            "n": 86,
            "n_wins": 36,
            "q": 0.4186046511627907,
            "ucb": 0.9364351479330579
          },
          "white_performance_info": {
            "steps": 319,
            "steps_per_second": 318.83945157010174,
            "playouts": 319,
            "playouts_per_second": 318.83945157010174,
            "times_[ms]": {
              "total": 1000.5035400390625,
              "loop": 1000.2973079681396,
              "reduce_over_actions": 0.0972747802734375,
              "mean_loop": 3.1357282381446385,
              "mean_select": 0.09162896852881931,
              "mean_expand": 0.3762237704286007,
              "mean_playout": 2.6607782489453737,
              "mean_backup": 0.0035202241616562988
            },
            "tree": {
              "initial_n_root": 0,
              "initial_mean_depth": 0.0,
              "initial_max_depth": 0,
              "initial_size": 1,
              "n_root": 319,
              "mean_depth": 3.819844226210633,
              "max_depth": 5,
              "size": 2953
            }
          }
        },
        "4": {
          "black_best_action_info": {
            "index": 10,
            "name": "B2",
            "n_root": 4697088,
            "win_flag": false,
            "n": 1850368,
            "n_wins": 469674,
            "q": 0.253827346776425,
            "ucb": 0.25959011601039506
          },
          "black_performance_info": {
            "steps": 910,
            "steps_per_second": 181.85261207354478,
            "playouts": 4697088,
            "playouts_per_second": 938656.8372959367,
            "times_[ms]": {
              "total": 5004.052400588989,
              "loop": 5001.8415451049805,
              "reduce_over_trees": 0.36263465881347656,
              "reduce_over_actions": 0.6959438323974609,
              "mean_loop": 5.496529170445034,
              "mean_select": 0.15931732051975125,
              "mean_expand": 0.3687533703479138,
              "mean_playout": 4.476500343490433,
              "mean_backup": 0.48523682814378005
            },
            "trees": {
              "count": 4,
              "mean_depth": 4.647231909328683,
              "max_depth": 9,
              "mean_size": 4588.0,
              "max_size": 4616
            }
          },
          "white_best_action_info": {
            "index": 53,
            "name": "I6",
            "n_root": 300,
            "win_flag": false,
            "n": 6,
            "n_wins": 5,
            "q": 0.8333333333333334,
            "ucb": 2.783338884548714
          },
          "white_performance_info": {
            "steps": 300,
            "steps_per_second": 299.21954588128534,
            "playouts": 300,
            "playouts_per_second": 299.21954588128534,
            "times_[ms]": {
              "total": 1002.6082992553711,
              "loop": 1002.2857189178467,
              "reduce_over_actions": 0.24461746215820312,
              "mean_loop": 3.3409523963928223,
              "mean_select": 0.29019832611083984,
              "mean_expand": 0.39803187052408856,
              "mean_playout": 2.6454941431681314,
              "mean_backup": 0.003410180409749349
            },
            "tree": {
              "initial_n_root": 0,
              "initial_mean_depth": 0.0,
              "initial_max_depth": 0,
              "initial_size": 1,
              "n_root": 300,
              "mean_depth": 2.6855828220858897,
              "max_depth": 3,
              "size": 3260
            }
          }
        },
        "5": {
          "black_best_action_info": {
            "index": 70,
            "name": "H8",
            "n_root": 5585664,
            "win_flag": false,
            "n": 1589760,
            "n_wins": 461756,
            "q": 0.2904564210950081,
            "ucb": 0.2967085772998222
          },
          "black_performance_info": {
            "steps": 973,
            "steps_per_second": 194.47033468771275,
            "playouts": 5585664,
            "playouts_per_second": 1116388.4352858257,
            "times_[ms]": {
              "total": 5003.333806991577,
              "loop": 5001.098871231079,
              "reduce_over_trees": 0.4763603210449219,
              "reduce_over_actions": 0.7727146148681641,
              "mean_loop": 5.139875510001109,
              "mean_select": 0.157935033721767,
              "mean_expand": 0.35963984702130875,
              "mean_playout": 4.1216617988045385,
              "mean_backup": 0.4938028576685248
            },
            "trees": {
              "count": 4,
              "mean_depth": 4.297805068047473,
              "max_depth": 7,
              "mean_size": 5455.75,
              "max_size": 5481
            }
          },
          "white_best_action_info": {
            "index": 68,
            "name": "F8",
            "n_root": 344,
            "win_flag": false,
            "n": 8,
            "n_wins": 6,
            "q": 0.75,
            "ucb": 2.4588946218789207
          },
          "white_performance_info": {
            "steps": 344,
            "steps_per_second": 343.474262055779,
            "playouts": 344,
            "playouts_per_second": 343.474262055779,
            "times_[ms]": {
              "total": 1001.530647277832,
              "loop": 1000.9686946868896,
              "reduce_over_actions": 0.47397613525390625,
              "mean_loop": 2.909792717113051,
              "mean_select": 0.2510880315026572,
              "mean_expand": 0.38338816443154977,
              "mean_playout": 2.268341391585594,
              "mean_backup": 0.003387761670489644
            },
            "tree": {
              "initial_n_root": 0,
              "initial_mean_depth": 0.0,
              "initial_max_depth": 0,
              "initial_size": 1,
              "n_root": 344,
              "mean_depth": 2.7574400842770608,
              "max_depth": 3,
              "size": 3797
            }
          }
        },
        "6": {
          "black_best_action_info": {
            "index": 43,
            "name": "H5",
            "n_root": 2401280,
            "win_flag": false,
            "n": 1212160,
            "n_wins": 895961,
            "q": 0.7391441723864837,
            "ucb": 0.7461069620451843
          },
          "black_performance_info": {
            "steps": 993,
            "steps_per_second": 198.3977095497464,
            "playouts": 2401280,
            "playouts_per_second": 479766.8197256949,
            "times_[ms]": {
              "total": 5005.098104476929,
              "loop": 5003.145217895508,
              "reduce_over_trees": 0.19097328186035156,
              "reduce_over_actions": 0.2949237823486328,
              "mean_loop": 5.038414116712495,
              "mean_select": 0.162020910902686,
              "mean_expand": 0.3818070660424977,
              "mean_playout": 3.9826476681988767,
              "mean_backup": 0.5050329763483545
            },
            "trees": {
              "count": 4,
              "mean_depth": 4.126136527637466,
              "max_depth": 8,
              "mean_size": 1732.25,
              "max_size": 1861
            }
          },
          "white_best_action_info": {
            "index": 2,
            "name": "C1",
            "n_root": 376,
            "win_flag": false,
            "n": 9,
            "n_wins": 6,
            "q": 0.6666666666666666,
            "ucb": 2.2900498477479942
          },
          "white_performance_info": {
            "steps": 376,
            "steps_per_second": 375.47997018175465,
            "playouts": 376,
            "playouts_per_second": 375.47997018175465,
            "times_[ms]": {
              "total": 1001.384973526001,
              "loop": 1001.129150390625,
              "reduce_over_actions": 0.1842975616455078,
              "mean_loop": 2.662577527634641,
              "mean_select": 0.253607618047836,
              "mean_expand": 0.3519166023173231,
              "mean_playout": 2.050771992257301,
              "mean_backup": 0.003030959596025183
            },
            "tree": {
              "initial_n_root": 0,
              "initial_mean_depth": 0.0,
              "initial_max_depth": 0,
              "initial_size": 1,
              "n_root": 376,
              "mean_depth": 2.797341359418109,
              "max_depth": 4,
              "size": 3987
            }
          }
        },
        "7": {
          "black_best_action_info": {
            "index": 26,
            "name": "I3",
            "n_root": 2600960,
            "win_flag": false,
            "n": 1053184,
            "n_wins": 510081,
            "q": 0.4843227774064171,
            "ucb": 0.4918128938395241
          },
          "black_performance_info": {
            "steps": 1073,
            "steps_per_second": 214.48474709439245,
            "playouts": 2600960,
            "playouts_per_second": 519912.6260975126,
            "times_[ms]": {
              "total": 5002.6867389678955,
              "loop": 5001.213073730469,
              "reduce_over_trees": 0.36525726318359375,
              "reduce_over_actions": 0.30994415283203125,
              "mean_loop": 4.660962790056355,
              "mean_select": 0.1401054670292978,
              "mean_expand": 0.3170040535904599,
              "mean_playout": 3.7784705290923246,
              "mean_backup": 0.4194511616218901
            },
            "trees": {
              "count": 4,
              "mean_depth": 4.2298850574712645,
              "max_depth": 8,
              "mean_size": 1892.25,
              "max_size": 2652
            }
          },
          "white_best_action_info": {
            "index": 80,
            "name": "I9",
            "n_root": 495,
            "win_flag": false,
            "n": 84,
            "n_wins": 31,
            "q": 0.36904761904761907,
            "ucb": 0.9126054646821845
          },
          "white_performance_info": {
            "steps": 495,
            "steps_per_second": 494.7906080891232,
            "playouts": 495,
            "playouts_per_second": 494.7906080891232,
            "times_[ms]": {
              "total": 1000.4231929779053,
              "loop": 1000.2293586730957,
              "reduce_over_actions": 0.05078315734863281,
              "mean_loop": 2.020665371056759,
              "mean_select": 0.07538169321387705,
              "mean_expand": 0.29990359990283694,
              "mean_playout": 1.6399971162429963,
              "mean_backup": 0.0026062281444819285
            },
            "tree": {
              "initial_n_root": 0,
              "initial_mean_depth": 0.0,
              "initial_max_depth": 0,
              "initial_size": 1,
              "n_root": 495,
              "mean_depth": 3.9238683127572016,
              "max_depth": 5,
              "size": 4860
            }
          }
        },
        "8": {
          "black_best_action_info": {
            "index": 79,
            "name": "H9",
            "n_root": 1649408,
            "win_flag": false,
            "n": 870400,
            "n_wins": 510200,
            "q": 0.5861672794117647,
            "ucb": 0.5942783894263806
          },
          "black_performance_info": {
            "steps": 1117,
            "steps_per_second": 223.23748594770606,
            "playouts": 1649408,
            "playouts_per_second": 329641.62508687016,
            "times_[ms]": {
              "total": 5003.639936447144,
              "loop": 5001.751661300659,
              "reduce_over_trees": 0.3349781036376953,
              "reduce_over_actions": 0.6456375122070312,
              "mean_loop": 4.477843922381969,
              "mean_select": 0.13701256194494618,
              "mean_expand": 0.3137530870702294,
              "mean_playout": 3.6207062918476045,
              "mean_backup": 0.4003784329953104
            },
            "trees": {
              "count": 4,
              "mean_depth": 3.805858054825385,
              "max_depth": 7,
              "mean_size": 665.75,
              "max_size": 713
            }
          },
          "white_best_action_info": {
            "index": 75,
            "name": "D9",
            "n_root": 456,
            "win_flag": false,
            "n": 75,
            "n_wins": 28,
            "q": 0.37333333333333335,
            "ucb": 0.9447639501546297
          },
          "white_performance_info": {
            "steps": 456,
            "steps_per_second": 455.1953805562391,
            "playouts": 456,
            "playouts_per_second": 455.1953805562391,
            "times_[ms]": {
              "total": 1001.767635345459,
              "loop": 1001.6469955444336,
              "reduce_over_actions": 0.03790855407714844,
              "mean_loop": 2.196594288474635,
              "mean_select": 0.09644502087643272,
              "mean_expand": 0.33098354674222175,
              "mean_playout": 1.7622745873635275,
              "mean_backup": 0.0033294945432428727
            },
            "tree": {
              "initial_n_root": 0,
              "initial_mean_depth": 0.0,
              "initial_max_depth": 0,
              "initial_size": 1,
              "n_root": 456,
              "mean_depth": 3.7628935030140656,
              "max_depth": 5,
              "size": 4479
            }
          }
        },
        "9": {
          "black_best_action_info": {
            "index": 64,
            "name": "B8",
            "n_root": 6227200,
            "win_flag": false,
            "n": 1032704,
            "n_wins": 362741,
            "q": 0.35125360219385227,
            "ucb": 0.35903794656301646
          },
          "black_performance_info": {
            "steps": 1084,
            "steps_per_second": 216.6719589430246,
            "playouts": 6227200,
            "playouts_per_second": 1244704.4490129177,
            "times_[ms]": {
              "total": 5002.954721450806,
              "loop": 5000.525712966919,
              "reduce_over_trees": 0.9582042694091797,
              "reduce_over_actions": 0.2925395965576172,
              "mean_loop": 4.613031100522988,
              "mean_select": 0.12542906722459407,
              "mean_expand": 0.29616756192872445,
              "mean_playout": 3.7943723016999304,
              "mean_backup": 0.390445834156332
            },
            "trees": {
              "count": 4,
              "mean_depth": 4.312343294011263,
              "max_depth": 5,
              "mean_size": 6082.25,
              "max_size": 6083
            }
          },
          "white_best_action_info": {
            "index": 45,
            "name": "A6",
            "n_root": 488,
            "win_flag": false,
            "n": 12,
            "n_wins": 7,
            "q": 0.5833333333333334,
            "ucb": 2.0198006906435215
          },
          "white_performance_info": {
            "steps": 488,
            "steps_per_second": 487.618792052474,
            "playouts": 488,
            "playouts_per_second": 487.618792052474,
            "times_[ms]": {
              "total": 1000.781774520874,
              "loop": 1000.5340576171875,
              "reduce_over_actions": 0.1621246337890625,
              "mean_loop": 2.0502747082319415,
              "mean_select": 0.1948451409574415,
              "mean_expand": 0.3023631260043285,
              "mean_playout": 1.5473614950649073,
              "mean_backup": 0.002867374263825964
            },
            "tree": {
              "initial_n_root": 0,
              "initial_mean_depth": 0.0,
              "initial_max_depth": 0,
              "initial_size": 1,
              "n_root": 488,
              "mean_depth": 2.9370404411764706,
              "max_depth": 4,
              "size": 4352
            }
          }
        },
        "10": {
          "black_best_action_info": {
            "index": 54,
            "name": "A7",
            "n_root": 4959488,
            "win_flag": false,
            "n": 723968,
            "n_wins": 256260,
            "q": 0.353965921145686,
            "ucb": 0.36319519672100803
          },
          "black_performance_info": {
            "steps": 1105,
            "steps_per_second": 220.83711678874548,
            "playouts": 4959488,
            "playouts_per_second": 991166.5435912957,
            "times_[ms]": {
              "total": 5003.687858581543,
              "loop": 5001.839637756348,
              "reduce_over_trees": 0.3185272216796875,
              "reduce_over_actions": 0.43201446533203125,
              "mean_loop": 4.526551708376785,
              "mean_select": 0.12152054730583639,
              "mean_expand": 0.28931932751409606,
              "mean_playout": 3.731962134935198,
              "mean_backup": 0.3773173595445728
            },
            "trees": {
              "count": 4,
              "mean_depth": 4.503173865923517,
              "max_depth": 7,
              "mean_size": 4844.25,
              "max_size": 4867
            }
          },
          "white_best_action_info": {
            "index": 1,
            "name": "B1",
            "n_root": 564,
            "win_flag": false,
            "n": 100,
            "n_wins": 34,
            "q": 0.34,
            "ucb": 0.8433906733938585
          },
          "white_performance_info": {
            "steps": 564,
            "steps_per_second": 563.7330727857226,
            "playouts": 564,
            "playouts_per_second": 563.7330727857226,
            "times_[ms]": {
              "total": 1000.4734992980957,
              "loop": 1000.2038478851318,
              "reduce_over_actions": 0.10418891906738281,
              "mean_loop": 1.7734110778105174,
              "mean_select": 0.07634636358166418,
              "mean_expand": 0.2956445335496402,
              "mean_playout": 1.395826221357846,
              "mean_backup": 0.0028808911641438804
            },
            "tree": {
              "initial_n_root": 0,
              "initial_mean_depth": 0.0,
              "initial_max_depth": 0,
              "initial_size": 1,
              "n_root": 564,
              "mean_depth": 4.135770234986945,
              "max_depth": 5,
              "size": 4596
            }
          }
        },
        "11": {
          "black_best_action_info": {
            "index": 21,
            "name": "D3",
            "n_root": 4723456,
            "win_flag": false,
            "n": 647936,
            "n_wins": 199472,
            "q": 0.30785756617937576,
            "ucb": 0.31759788878258777
          },
          "black_performance_info": {
            "steps": 1058,
            "steps_per_second": 211.49453268895812,
            "playouts": 4723456,
            "playouts_per_second": 944220.3396945703,
            "times_[ms]": {
              "total": 5002.493381500244,
              "loop": 5000.975608825684,
              "reduce_over_trees": 0.16546249389648438,
              "reduce_over_actions": 0.4584789276123047,
              "mean_loop": 4.726820046149039,
              "mean_select": 0.1248402947063482,
              "mean_expand": 0.31169353225506097,
              "mean_playout": 3.8986782946523513,
              "mean_backup": 0.3853538311271451
            },
            "trees": {
              "count": 4,
              "mean_depth": 4.507721484692495,
              "max_depth": 8,
              "mean_size": 4613.75,
              "max_size": 4628
            }
          },
          "white_best_action_info": {
            "index": 72,
            "name": "A9",
            "n_root": 622,
            "win_flag": false,
            "n": 109,
            "n_wins": 35,
            "q": 0.3211009174311927,
            "ucb": 0.8069725013541703
          },
          "white_performance_info": {
            "steps": 622,
            "steps_per_second": 621.9467661645286,
            "playouts": 622,
            "playouts_per_second": 621.9467661645286,
            "times_[ms]": {
              "total": 1000.0855922698975,
              "loop": 1000.0054836273193,
              "reduce_over_actions": 0.0286102294921875,
              "mean_loop": 1.6077258579217353,
              "mean_select": 0.0734494046766275,
              "mean_expand": 0.28022194215339097,
              "mean_playout": 1.2489591764100494,
              "mean_backup": 0.002579673693494398
            },
            "tree": {
              "initial_n_root": 0,
              "initial_mean_depth": 0.0,
              "initial_max_depth": 0,
              "initial_size": 1,
              "n_root": 622,
              "mean_depth": 4.221328738273023,
              "max_depth": 5,
              "size": 5223
            }
          }
        },
        "12": {
          "black_best_action_info": {
            "index": 65,
            "name": "C8",
            "n_root": 1525504,
            "win_flag": false,
            "n": 479488,
            "n_wins": 429028,
            "q": 0.8947627469300587,
            "ucb": 0.9056611560824877
          },
          "black_performance_info": {
            "steps": 1085,
            "steps_per_second": 216.79105007671353,
            "playouts": 1525504,
            "playouts_per_second": 304807.0175633427,
            "times_[ms]": {
              "total": 5004.81915473938,
              "loop": 5003.370761871338,
              "reduce_over_trees": 0.14090538024902344,
              "reduce_over_actions": 0.2865791320800781,
              "mean_loop": 4.611401623844551,
              "mean_select": 0.1410605171309089,
              "mean_expand": 0.3325297535839169,
              "mean_playout": 3.6911309589438726,
              "mean_backup": 0.4405177683324858
            },
            "trees": {
              "count": 4,
              "mean_depth": 4.176214648295867,
              "max_depth": 6,
              "mean_size": 689.5,
              "max_size": 732
            }
          },
          "white_best_action_info": {
            "index": 35,
            "name": "I4",
            "n_root": 614,
            "win_flag": false,
            "n": 121,
            "n_wins": 54,
            "q": 0.4462809917355372,
            "ucb": 0.906966608283439
          },
          "white_performance_info": {
            "steps": 614,
            "steps_per_second": 613.4204079921549,
            "playouts": 614,
            "playouts_per_second": 613.4204079921549,
            "times_[ms]": {
              "total": 1000.9448528289795,
              "loop": 1000.8447170257568,
              "reduce_over_actions": 0.028371810913085938,
              "mean_loop": 1.630040255742275,
              "mean_select": 0.07982246262242818,
              "mean_expand": 0.2998133047395886,
              "mean_playout": 1.2447997102519976,
              "mean_backup": 0.002730941151174738
            },
            "tree": {
              "initial_n_root": 0,
              "initial_mean_depth": 0.0,
              "initial_max_depth": 0,
              "initial_size": 1,
              "n_root": 614,
              "mean_depth": 4.247668188132566,
              "max_depth": 5,
              "size": 5039
            }
          }
        },
        "13": {
          "black_best_action_info": {
            "index": 6,
            "name": "G1",
            "n_root": 2008064,
            "win_flag": false,
            "n": 1579264,
            "n_wins": 818509,
            "q": 0.5182850998946344,
            "ucb": 0.5243479448466175
          },
          "black_performance_info": {
            "steps": 1118,
            "steps_per_second": 223.41667737082494,
            "playouts": 2008064,
            "playouts_per_second": 401283.53025757446,
            "times_[ms]": {
              "total": 5004.10270690918,
              "loop": 5002.198219299316,
              "reduce_over_trees": 0.16379356384277344,
              "reduce_over_actions": 0.4172325134277344,
              "mean_loop": 4.4742381210190665,
              "mean_select": 0.139681938935691,
              "mean_expand": 0.32147973082786385,
              "mean_playout": 3.601765803233029,
              "mean_backup": 0.40546790005269334
            },
            "trees": {
              "count": 4,
              "mean_depth": 4.767363071710898,
              "max_depth": 7,
              "mean_size": 1328.25,
              "max_size": 2007
            }
          },
          "white_best_action_info": {
            "index": 0,
            "name": "A1",
            "n_root": 633,
            "win_flag": false,
            "n": 142,
            "n_wins": 62,
            "q": 0.43661971830985913,
            "ucb": 0.862886526979119
          },
          "white_performance_info": {
            "steps": 633,
            "steps_per_second": 632.2955405566642,
            "playouts": 633,
            "playouts_per_second": 632.2955405566642,
            "times_[ms]": {
              "total": 1001.1141300201416,
              "loop": 1001.0223388671875,
              "reduce_over_actions": 0.04172325134277344,
              "mean_loop": 1.5813939002641193,
              "mean_select": 0.10730116664892501,
              "mean_expand": 0.3661231783705677,
              "mean_playout": 1.1027134236942913,
              "mean_backup": 0.0025996288040426294
            },
            "tree": {
              "initial_n_root": 0,
              "initial_mean_depth": 0.0,
              "initial_max_depth": 0,
              "initial_size": 1,
              "n_root": 633,
              "mean_depth": 4.0881944444444445,
              "max_depth": 6,
              "size": 8640
            }
          }
        },
        "14": {
          "black_best_action_info": {
            "index": 44,
            "name": "I5",
            "n_root": 24430848,
            "win_flag": false,
            "n": 22794240,
            "n_wins": 6067150,
            "q": 0.26617031320193174,
            "ucb": 0.26789808713969376
          },
          "black_performance_info": {
            "steps": 869,
            "steps_per_second": 173.74757296363288,
            "playouts": 24430848,
            "playouts_per_second": 4884695.679451581,
            "times_[ms]": {
              "total": 5001.508712768555,
              "loop": 5000.034809112549,
              "reduce_over_trees": 0.1442432403564453,
              "reduce_over_actions": 0.3447532653808594,
              "mean_loop": 5.753779987471288,
              "mean_select": 0.13806987275188345,
              "mean_expand": 0.3183220006242583,
              "mean_playout": 4.853147631821891,
              "mean_backup": 0.4377787626242336
            },
            "trees": {
              "count": 4,
              "mean_depth": 4.724761834428772,
              "max_depth": 8,
              "mean_size": 23696.75,
              "max_size": 26892
            }
          },
          "white_best_action_info": {
            "index": 51,
            "name": "G6",
            "n_root": 714,
            "win_flag": false,
            "n": 171,
            "n_wins": 78,
            "q": 0.45614035087719296,
            "ucb": 0.8481924706471677
          },
          "white_performance_info": {
            "steps": 714,
            "steps_per_second": 713.6018818846678,
            "playouts": 714,
            "playouts_per_second": 713.6018818846678,
            "times_[ms]": {
              "total": 1000.5578994750977,
              "loop": 1000.4673004150391,
              "reduce_over_actions": 0.025510787963867188,
              "mean_loop": 1.4012147064636402,
              "mean_select": 0.10110316824178402,
              "mean_expand": 0.3963271442915545,
              "mean_playout": 0.8987001344269397,
              "mean_backup": 0.002536119199266621
            },
            "tree": {
              "initial_n_root": 0,
              "initial_mean_depth": 0.0,
              "initial_max_depth": 0,
              "initial_size": 1,
              "n_root": 714,
              "mean_depth": 4.324154625917241,
              "max_depth": 6,
              "size": 13219
            }
          }
        },
        "15": {
          "black_best_action_info": {
            "index": 74,
            "name": "C9",
            "n_root": 1303040,
            "win_flag": false,
            "n": 857600,
            "n_wins": 300528,
            "q": 0.35042910447761194,
            "ucb": 0.35853296922554084
          },
          "black_performance_info": {
            "steps": 1164,
            "steps_per_second": 232.68931138180042,
            "playouts": 1303040,
            "playouts_per_second": 260484.0896073378,
            "times_[ms]": {
              "total": 5002.378463745117,
              "loop": 5000.815391540527,
              "reduce_over_trees": 0.21576881408691406,
              "reduce_over_actions": 0.3495216369628906,
              "mean_loop": 4.296233154244439,
              "mean_select": 0.1294645656834763,
              "mean_expand": 0.3061720595736684,
              "mean_playout": 3.460002928665004,
              "mean_backup": 0.3945403492327818
            },
            "trees": {
              "count": 4,
              "mean_depth": 3.619750283768445,
              "max_depth": 5,
              "mean_size": 220.25,
              "max_size": 244
            }
          },
          "white_best_action_info": {
            "index": 62,
            "name": "I7",
            "n_root": 956,
            "win_flag": false,
            "n": 238,
            "n_wins": 129,
            "q": 0.542016806722689,
            "ucb": 0.8816349292175204
          },
          "white_performance_info": {
            "steps": 956,
            "steps_per_second": 955.1285140935336,
            "playouts": 956,
            "playouts_per_second": 955.1285140935336,
            "times_[ms]": {
              "total": 1000.9124279022217,
              "loop": 1000.7669925689697,
              "reduce_over_actions": 0.025987625122070312,
              "mean_loop": 1.0468273980846963,
              "mean_select": 0.10441910771645263,
              "mean_expand": 0.33802592105945284,
              "mean_playout": 0.6000247460528897,
              "mean_backup": 0.0022240762431252454
            },
            "tree": {
              "initial_n_root": 0,
              "initial_mean_depth": 0.0,
              "initial_max_depth": 0,
              "initial_size": 1,
              "n_root": 956,
              "mean_depth": 4.1608830722453565,
              "max_depth": 5,
              "size": 15129
            }
          }
        },
        "16": {
          "black_best_action_info": {
            "index": 61,
            "name": "H7",
            "n_root": 6824960,
            "win_flag": false,
            "n": 5709312,
            "n_wins": 1202288,
            "q": 0.21058369204555646,
            "ucb": 0.2139040631043911
          },
          "black_performance_info": {
            "steps": 1159,
            "steps_per_second": 231.49266801534256,
            "playouts": 6824960,
            "playouts_per_second": 1363182.225623807,
            "times_[ms]": {
              "total": 5006.638050079346,
              "loop": 5004.2009353637695,
              "reduce_over_trees": 0.31065940856933594,
              "reduce_over_actions": 0.6146430969238281,
              "mean_loop": 4.317688468821199,
              "mean_select": 0.13068032943554433,
              "mean_expand": 0.30820445833378973,
              "mean_playout": 3.490733524352132,
              "mean_backup": 0.3819946999998315
            },
            "trees": {
              "count": 4,
              "mean_depth": 4.791198339961958,
              "max_depth": 8,
              "mean_size": 5783.0,
              "max_size": 5922
            }
          },
          "white_best_action_info": {
            "index": 4,
            "name": "E1",
            "n_root": 784,
            "win_flag": false,
            "n": 147,
            "n_wins": 31,
            "q": 0.2108843537414966,
            "ucb": 0.6367299397686229
          },
          "white_performance_info": {
            "steps": 784,
            "steps_per_second": 783.6130793839922,
            "playouts": 784,
            "playouts_per_second": 783.6130793839922,
            "times_[ms]": {
              "total": 1000.4937648773193,
              "loop": 1000.3142356872559,
              "reduce_over_actions": 0.03814697265625,
              "mean_loop": 1.2759110149072141,
              "mean_select": 0.10189079508489492,
              "mean_expand": 0.33263436385563444,
              "mean_playout": 0.8369936626784655,
              "mean_backup": 0.0021360358413384886
            },
            "tree": {
              "initial_n_root": 0,
              "initial_mean_depth": 0.0,
              "initial_max_depth": 0,
              "initial_size": 1,
              "n_root": 784,
              "mean_depth": 4.037607831734031,
              "max_depth": 6,
              "size": 10317
            }
          }
        },
        "17": {
          "black_best_action_info": {
            "index": 14,
            "name": "F2",
            "n_root": 1632768,
            "win_flag": false,
            "n": 612608,
            "n_wins": 521806,
            "q": 0.8517779722106142,
            "ucb": 0.8614428094655041
          },
          "black_performance_info": {
            "steps": 1193,
            "steps_per_second": 238.50347962228992,
            "playouts": 1632768,
            "playouts_per_second": 326421.49992952816,
            "times_[ms]": {
              "total": 5002.023458480835,
              "loop": 5000.548839569092,
              "reduce_over_trees": 0.13446807861328125,
              "reduce_over_actions": 0.5128383636474609,
              "mean_loop": 4.191574886478702,
              "mean_select": 0.13213645282754954,
              "mean_expand": 0.3027558226797227,
              "mean_playout": 3.3749308989813422,
              "mean_backup": 0.3761597670933227
            },
            "trees": {
              "count": 4,
              "mean_depth": 4.044190476190476,
              "max_depth": 6,
              "mean_size": 656.25,
              "max_size": 724
            }
          },
          "white_best_action_info": {
            "index": 52,
            "name": "H6",
            "n_root": 1136,
            "win_flag": false,
            "n": 794,
            "n_wins": 418,
            "q": 0.5264483627204031,
            "ucb": 0.7147092433895771
          },
          "white_performance_info": {
            "steps": 1136,
            "steps_per_second": 1135.832372608508,
            "playouts": 1136,
            "playouts_per_second": 1135.832372608508,
            "times_[ms]": {
              "total": 1000.1475811004639,
              "loop": 1000.0061988830566,
              "reduce_over_actions": 0.033855438232421875,
              "mean_loop": 0.8802871469040991,
              "mean_select": 0.10143850051181418,
              "mean_expand": 0.3398247587848717,
              "mean_playout": 0.43450274937589406,
              "mean_backup": 0.002315766374829789
            },
            "tree": {
              "initial_n_root": 0,
              "initial_mean_depth": 0.0,
              "initial_max_depth": 0,
              "initial_size": 1,
              "n_root": 1136,
              "mean_depth": 4.748123891390367,
              "max_depth": 7,
              "size": 14658
            }
          }
        },
        "18": {
          "black_best_action_info": {
            "index": 67,
            "name": "E8",
            "n_root": 2042624,
            "win_flag": false,
            "n": 664576,
            "n_wins": 141418,
            "q": 0.21279432299691833,
            "ucb": 0.2221459392547344
          },
          "black_performance_info": {
            "steps": 1201,
            "steps_per_second": 239.99501768318456,
            "playouts": 2042624,
            "playouts_per_second": 408176.17235645064,
            "times_[ms]": {
              "total": 5004.270553588867,
              "loop": 5001.833200454712,
              "reduce_over_trees": 0.13756752014160156,
              "reduce_over_actions": 0.4334449768066406,
              "mean_loop": 4.1647237306034235,
              "mean_select": 0.13265780465588978,
              "mean_expand": 0.306453434851247,
              "mean_playout": 3.3367450390132043,
              "mean_backup": 0.3830425745243832
            },
            "trees": {
              "count": 4,
              "mean_depth": 4.593030242339275,
              "max_depth": 7,
              "mean_size": 1248.25,
              "max_size": 1664
            }
          },
          "white_best_action_info": {
            "index": 46,
            "name": "B6",
            "n_root": 1333,
            "win_flag": false,
            "n": 117,
            "n_wins": 79,
            "q": 0.6752136752136753,
            "ucb": 1.1711867693342937
          },
          "white_performance_info": {
            "steps": 1333,
            "steps_per_second": 1332.6450985491088,
            "playouts": 1333,
            "playouts_per_second": 1332.6450985491088,
            "times_[ms]": {
              "total": 1000.2663135528564,
              "loop": 1000.1480579376221,
              "reduce_over_actions": 0.06198883056640625,
              "mean_loop": 0.7502986181077435,
              "mean_select": 0.11248939124963736,
              "mean_expand": 0.30314054868316076,
              "mean_playout": 0.3305180843665201,
              "mean_backup": 0.002033265121700347
            },
            "tree": {
              "initial_n_root": 0,
              "initial_mean_depth": 0.0,
              "initial_max_depth": 0,
              "initial_size": 1,
              "n_root": 1333,
              "mean_depth": 3.86152362584378,
              "max_depth": 6,
              "size": 15555
            }
          }
        },
        "19": {
          "black_best_action_info": {
            "index": 58,
            "name": "E7",
            "n_root": 1450752,
            "win_flag": false,
            "n": 475648,
            "n_wins": 317891,
            "q": 0.66833246434338,
            "ucb": 0.6792554537570665
          },
          "black_performance_info": {
            "steps": 1207,
            "steps_per_second": 241.19668259835368,
            "playouts": 1450752,
            "playouts_per_second": 289906.0229270313,
            "times_[ms]": {
              "total": 5004.214763641357,
              "loop": 5002.44927406311,
              "reduce_over_trees": 0.1385211944580078,
              "reduce_over_actions": 0.2713203430175781,
              "mean_loop": 4.144531295826935,
              "mean_select": 0.13574807231052907,
              "mean_expand": 0.30748293038331087,
              "mean_playout": 3.3092107670111606,
              "mean_backup": 0.3861488146335504
            },
            "trees": {
              "count": 4,
              "mean_depth": 4.126315789473685,
              "max_depth": 6,
              "mean_size": 380.0,
              "max_size": 573
            }
          },
          "white_best_action_info": {
            "index": 12,
            "name": "D2",
            "n_root": 2120,
            "win_flag": false,
            "n": 598,
            "n_wins": 249,
            "q": 0.41638795986622074,
            "ucb": 0.6427326428229516
          },
          "white_performance_info": {
            "steps": 2120,
            "steps_per_second": 2119.071394628685,
            "playouts": 2120,
            "playouts_per_second": 2119.071394628685,
            "times_[ms]": {
              "total": 1000.4382133483887,
              "loop": 1000.3433227539062,
              "reduce_over_actions": 0.03147125244140625,
              "mean_loop": 0.47186005790278596,
              "mean_select": 0.0928860790324661,
              "mean_expand": 0.21512733315521815,
              "mean_playout": 0.1600971761739479,
              "mean_backup": 0.001995968368818175
            },
            "tree": {
              "initial_n_root": 0,
              "initial_mean_depth": 0.0,
              "initial_max_depth": 0,
              "initial_size": 1,
              "n_root": 2120,
              "mean_depth": 4.572100313479623,
              "max_depth": 6,
              "size": 14674
            }
          }
        },
        "20": {
          "black_best_action_info": {
            "index": 47,
            "name": "C6",
            "n_root": 1383424,
            "win_flag": false,
            "n": 489472,
            "n_wins": 28096,
            "q": 0.05740062761506276,
            "ucb": 0.06815021715775506
          },
          "black_performance_info": {
            "steps": 1204,
            "steps_per_second": 240.65513542034404,
            "playouts": 1383424,
            "playouts_per_second": 276518.3472290316,
            "times_[ms]": {
              "total": 5003.009796142578,
              "loop": 5000.239849090576,
              "reduce_over_trees": 0.21839141845703125,
              "reduce_over_actions": 1.085519790649414,
              "mean_loop": 4.1530231304739,
              "mean_select": 0.13282825780469318,
              "mean_expand": 0.32079833686549797,
              "mean_playout": 3.2959721017121475,
              "mean_backup": 0.397302581622355
            },
            "trees": {
              "count": 4,
              "mean_depth": 2.9839357429718874,
              "max_depth": 5,
              "mean_size": 186.75,
              "max_size": 198
            }
          },
          "white_best_action_info": {
            "index": 37,
            "name": "B5",
            "n_root": 2137,
            "win_flag": false,
            "n": 229,
            "n_wins": 103,
            "q": 0.4497816593886463,
            "ucb": 0.8157381618106736
          },
          "white_performance_info": {
            "steps": 2137,
            "steps_per_second": 2136.466686100877,
            "playouts": 2137,
            "playouts_per_second": 2136.466686100877,
            "times_[ms]": {
              "total": 1000.2496242523193,
              "loop": 1000.1523494720459,
              "reduce_over_actions": 0.04792213439941406,
              "mean_loop": 0.46801700957980624,
              "mean_select": 0.09049050541307863,
              "mean_expand": 0.21979983967489655,
              "mean_playout": 0.15435299139241498,
              "mean_backup": 0.0017565101120145064
            },
            "tree": {
              "initial_n_root": 0,
              "initial_mean_depth": 0.0,
              "initial_max_depth": 0,
              "initial_size": 1,
              "n_root": 2137,
              "mean_depth": 4.217544510385757,
              "max_depth": 6,
              "size": 16176
            }
          }
        },
        "21": {
          "black_best_action_info": {
            "index": 76,
            "name": "E9",
            "n_root": 1280000,
            "win_flag": true,
            "n": 1253376,
            "n_wins": 1253376,
            "q": 1.0,
            "ucb": 1.0066991326685018
          },
          "black_performance_info": {
            "steps": 1225,
            "steps_per_second": 244.79601810377295,
            "playouts": 1280000,
            "playouts_per_second": 255786.85973292193,
            "times_[ms]": {
              "total": 5004.1663646698,
              "loop": 5002.763986587524,
              "reduce_over_trees": 0.1652240753173828,
              "reduce_over_actions": 0.2923011779785156,
              "mean_loop": 4.083888968642877,
              "mean_select": 0.12441576743612484,
              "mean_expand": 0.3029934240847218,
              "mean_playout": 3.269456162744639,
              "mean_backup": 0.3825343385034678
            },
            "trees": {
              "count": 4,
              "mean_depth": 1.4285714285714286,
              "max_depth": 2,
              "mean_size": 28.0,
              "max_size": 28
            }
          }
        }
      },
      "outcome": 1,
      "outcome_message": "BLACK WINS"
    }
  },
  "stats": {
    "score_a_total": 1.0,
    "score_a_mean": 1.0,
    "score_b_total": 0.0,
    "score_b_mean": 0.0,
    "white_wins_count": 0,
    "white_wins_freq": 0.0,
    "black_wins_count": 1,
    "black_wins_freq": 1.0
  }
}